IPC;IDKey;Creator;CreationTime;DestructionTime
PIPE1;4/5;SM;12:58:4;12:58:20
PIPE2;6/7;SM;12:58:4;12:58:20
FIFO;8;SM;12:58:4;12:58:20
SH2;4c010e1d;SM;12:58:4;12:58:20
MQS;41010e1d;SM;12:58:4;12:58:20
SEMAPHORE;49009;SM;12:58:4;12:58:20
PIPE3;4/5;RM;12:58:4;12:58:29
PIPE4;6/7;RM;12:58:4;12:58:29
FIFO;;SM;12:58:4;
SH;48241;SM;12:58:4;12:58:29
MQ;49001;SM;12:58:4;12:58:29
MQR;44010e1d;RM;12:58:4;12:58:29
IPC;IDKey;Creator;CreationTime;DestructionTime
PIPE1;4/5;SM;13:1:41;13:1:57
PIPE2;6/7;SM;13:1:41;13:1:57
FIFO;8;SM;13:1:41;13:1:57
SH2;4c010e1d;SM;13:1:41;13:1:57
MQS;41010e1d;SM;13:1:41;13:1:57
SEMAPHORE;49009;SM;13:1:41;13:1:57
PIPE3;4/5;RM;13:1:41;13:2:6
PIPE4;6/7;RM;13:1:41;13:2:6
FIFO;;SM;13:1:41;
SH;48241;SM;13:1:41;13:2:6
MQ;49001;SM;13:1:41;13:2:6
MQR;44010e1d;RM;13:1:41;13:2:6
IPC;IDKey;Creator;CreationTime;DestructionTime
PIPE1;4/5;SM;13:2:31;13:2:47
FIFO;8;SM;13:2:31;13:2:47
PIPE2;6/7;SM;13:2:31;13:2:47
SH2;4c010e1d;SM;13:2:31;13:2:47
MQS;41010e1d;SM;13:2:31;13:2:47
SEMAPHORE;49009;SM;13:2:31;13:2:47
PIPE3;4/5;RM;13:2:31;13:2:56
PIPE4;6/7;RM;13:2:31;13:2:56
FIFO;;SM;13:2:31;
SH;48241;SM;13:2:31;13:2:56
MQ;49001;SM;13:2:31;13:2:56
MQR;44010e1d;RM;13:2:31;13:2:56
IPC;IDKey;Creator;CreationTime;DestructionTime
PIPE1;4/5;SM;13:3:4;13:3:20
PIPE2;6/7;SM;13:3:4;13:3:20
FIFO;8;SM;13:3:4;13:3:20
SH2;4c010e1d;SM;13:3:4;13:3:20
MQS;41010e1d;SM;13:3:4;13:3:20
SEMAPHORE;49009;SM;13:3:4;13:3:20
PIPE3;4/5;RM;13:3:4;13:3:29
PIPE4;6/7;RM;13:3:4;13:3:29
FIFO;;SM;13:3:4;
SH;48241;SM;13:3:4;13:3:29
MQ;49001;SM;13:3:4;13:3:29
MQR;44010e1d;RM;13:3:4;13:3:29
IPC;IDKey;Creator;CreationTime;DestructionTime
PIPE1;4/5;SM;13:3:33;13:3:42
PIPE2;6/7;SM;13:3:33;13:3:42
SH2;4c010e1d;SM;13:3:33;13:3:42
MQS;41010e1d;SM;13:3:33;13:3:42
SEMAPHORE;49009;SM;13:3:33;13:3:42
IPC;IDKey;Creator;CreationTime;DestructionTime
IPC;IDKey;Creator;CreationTime;DestructionTime
PIPE1;4/5;SM;13:5:13;13:5:29
PIPE2;6/7;SM;13:5:13;13:5:29
FIFO;8;SM;13:5:13;13:5:29
SH2;4c010e1d;SM;13:5:13;13:5:29
MQS;41010e1d;SM;13:5:13;13:5:29
SEMAPHORE;49009;SM;13:5:13;13:5:29
PIPE3;4/5;RM;13:5:13;13:5:38
PIPE4;6/7;RM;13:5:13;13:5:38
FIFO;;SM;13:5:13;
SH;48241;SM;13:5:13;13:5:38
MQ;49001;SM;13:5:13;13:5:38
MQR;44010e1d;RM;13:5:13;13:5:38
IPC;IDKey;Creator;CreationTime;DestructionTime
PIPE1;4/5;SM;13:6:17;13:6:33
FIFO;8;SM;13:6:17;13:6:33
PIPE2;6/7;SM;13:6:17;13:6:33
SH2;4c010e1d;SM;13:6:17;13:6:33
MQS;41010e1d;SM;13:6:17;13:6:33
SEMAPHORE;49009;SM;13:6:17;13:6:33
PIPE3;4/5;RM;13:6:17;13:6:42
PIPE4;6/7;RM;13:6:17;13:6:42
FIFO;;SM;13:6:17;
SH;48241;SM;13:6:17;13:6:42
MQ;49001;SM;13:6:17;13:6:42
MQR;44010e1d;RM;13:6:17;13:6:42
IPC;IDKey;Creator;CreationTime;DestructionTime
IPC;IDKey;Creator;CreationTime;DestructionTime
PIPE1;4/5;SM;13:8:55;13:9:11
FIFO;8;SM;13:8:59;13:9:11
PIPE2;6/7;SM;13:8:55;13:9:11
SH2;4c010e1d;SM;13:8:55;13:9:11
MQS;41010e1d;SM;13:8:55;13:9:11
SEMAPHORE;49009;SM;13:8:55;13:9:11
PIPE3;4/5;RM;13:8:59;13:9:20
PIPE4;6/7;RM;13:8:59;13:9:20
FIFO;;SM;13:8:59;
SH;48241;SM;13:8:59;13:9:20
MQ;49001;SM;13:8:59;13:9:20
MQR;44010e1d;RM;13:8:59;13:9:20
IPC;IDKey;Creator;CreationTime;DestructionTime
PIPE1;4/5;SM;13:9:39;13:9:55
PIPE2;6/7;SM;13:9:39;13:9:55
SH2;4c010e1d;SM;13:9:39;13:9:55
MQS;41010e1d;SM;13:9:39;13:9:55
SEMAPHORE;49009;SM;13:9:39;13:9:55
FIFO;8;SM;13:9:39;13:9:55
PIPE3;4/5;RM;13:9:39;13:10:4
PIPE4;6/7;RM;13:9:39;13:10:4
FIFO;;SM;13:9:39;
SH;48241;SM;13:9:39;13:10:4
MQ;49001;SM;13:9:39;13:10:4
MQR;44010e1d;RM;13:9:39;13:10:4
IPC;IDKey;Creator;CreationTime;DestructionTime
PIPE1;4/5;SM;13:10:13;13:10:29
PIPE2;6/7;SM;13:10:13;13:10:29
FIFO;8;SM;13:10:13;13:10:29
SH2;4c010e1d;SM;13:10:13;13:10:29
MQS;41010e1d;SM;13:10:13;13:10:29
SEMAPHORE;49009;SM;13:10:13;13:10:29
PIPE3;4/5;RM;13:10:13;13:10:38
PIPE4;6/7;RM;13:10:13;13:10:38
FIFO;;SM;13:10:13;
SH;48241;SM;13:10:13;13:10:38
MQ;49001;SM;13:10:13;13:10:38
MQR;44010e1d;RM;13:10:13;13:10:38
IPC;IDKey;Creator;CreationTime;DestructionTime
PIPE1;4/5;SM;13:11:19;13:11:35
PIPE2;6/7;SM;13:11:19;13:11:35
FIFO;8;SM;13:11:19;13:11:35
SH2;4c010e1d;SM;13:11:19;13:11:35
MQS;41010e1d;SM;13:11:19;13:11:35
SEMAPHORE;49009;SM;13:11:19;13:11:35
PIPE3;4/5;RM;13:11:19;13:11:44
PIPE4;6/7;RM;13:11:19;13:11:44
FIFO;;SM;13:11:19;
SH;48241;SM;13:11:19;13:11:44
MQ;49001;SM;13:11:19;13:11:44
MQR;44010e1d;RM;13:11:19;13:11:44
IPC;IDKey;Creator;CreationTime;DestructionTime
PIPE1;4/5;SM;13:12:40;13:12:56
PIPE2;6/7;SM;13:12:40;13:12:56
FIFO;8;SM;13:12:40;13:12:56
SH2;4c010e1d;SM;13:12:40;13:12:56
MQS;41010e1d;SM;13:12:40;13:12:56
SEMAPHORE;49009;SM;13:12:40;13:12:56
PIPE3;4/5;RM;13:12:40;13:13:5
PIPE4;6/7;RM;13:12:40;13:13:5
FIFO;;SM;13:12:40;
SH;48241;SM;13:12:40;13:13:5
MQ;49001;SM;13:12:40;13:13:5
MQR;44010e1d;RM;13:12:40;13:13:5
IPC;IDKey;Creator;CreationTime;DestructionTime
PIPE1;4/5;SM;13:13:37;13:13:53
PIPE2;6/7;SM;13:13:37;13:13:53
FIFO;8;SM;13:13:37;13:13:53
SH2;4c010e1d;SM;13:13:37;13:13:53
MQS;41010e1d;SM;13:13:37;13:13:53
SEMAPHORE;49009;SM;13:13:37;13:13:53
PIPE3;4/5;RM;13:13:37;13:14:2
PIPE4;6/7;RM;13:13:37;13:14:2
FIFO;;SM;13:13:37;
SH;48241;SM;13:13:37;13:14:2
MQ;49001;SM;13:13:37;13:14:2
MQR;44010e1d;RM;13:13:37;13:14:2
IPC;IDKey;Creator;CreationTime;DestructionTime
PIPE1;4/5;SM;13:14:7;13:14:23
PIPE2;6/7;SM;13:14:7;13:14:23
FIFO;8;SM;13:14:7;13:14:23
SH2;4c010e1d;SM;13:14:7;13:14:23
MQS;41010e1d;SM;13:14:7;13:14:23
SEMAPHORE;49009;SM;13:14:7;13:14:23
PIPE3;4/5;RM;13:14:7;13:14:32
PIPE4;6/7;RM;13:14:7;13:14:32
FIFO;;SM;13:14:7;
SH;48241;SM;13:14:7;13:14:32
MQ;49001;SM;13:14:7;13:14:32
MQR;44010e1d;RM;13:14:7;13:14:32
IPC;IDKey;Creator;CreationTime;DestructionTime
PIPE1;4/5;SM;13:16:22;13:16:38
PIPE2;6/7;SM;13:16:22;13:16:38
FIFO;8;SM;13:16:22;13:16:38
SH2;4c010e1d;SM;13:16:22;13:16:38
MQS;41010e1d;SM;13:16:22;13:16:38
SEMAPHORE;49009;SM;13:16:22;13:16:38
PIPE3;4/5;RM;13:16:22;13:16:47
PIPE4;6/7;RM;13:16:22;13:16:47
FIFO;;SM;13:16:22;
SH;48241;SM;13:16:22;13:16:47
MQ;49001;SM;13:16:22;13:16:47
MQR;44010e1d;RM;13:16:22;13:16:47
IPC;IDKey;Creator;CreationTime;DestructionTime
PIPE1;4/5;SM;13:19:31;13:19:47
PIPE2;6/7;SM;13:19:31;13:19:47
FIFO;8;SM;13:19:31;13:19:47
SH2;4c010e1d;SM;13:19:31;13:19:47
MQS;41010e1d;SM;13:19:31;13:19:47
SEMAPHORE;49009;SM;13:19:31;13:19:47
PIPE3;4/5;RM;13:19:31;13:19:56
PIPE4;6/7;RM;13:19:31;13:19:56
FIFO;;SM;13:19:31;
SH;48241;SM;13:19:31;13:19:56
MQ;49001;SM;13:19:31;13:19:56
MQR;44010e1d;RM;13:19:31;13:19:56
IPC;IDKey;Creator;CreationTime;DestructionTime
PIPE1;4/5;SM;13:20:17;13:20:33
PIPE2;6/7;SM;13:20:17;13:20:33
FIFO;8;SM;13:20:17;13:20:33
SH2;4c010e1d;SM;13:20:17;13:20:33
MQS;41010e1d;SM;13:20:17;13:20:33
SEMAPHORE;49009;SM;13:20:17;13:20:33
IPC;IDKey;Creator;CreationTime;DestructionTime
PIPE1;4/5;SM;13:20:58;13:21:14
PIPE2;6/7;SM;13:20:58;13:21:14
SH2;4c010e1d;SM;13:20:58;13:21:14
FIFO;8;SM;13:20:58;13:21:14
MQS;41010e1d;SM;13:20:58;13:21:14
SEMAPHORE;49009;SM;13:20:58;13:21:14
PIPE3;4/5;RM;13:20:58;13:21:23
PIPE4;6/7;RM;13:20:58;13:21:23
FIFO;;SM;13:20:58;
SH;48241;SM;13:20:58;13:21:23
MQ;49001;SM;13:20:58;13:21:23
MQR;44010e1d;RM;13:20:58;13:21:23
IPC;IDKey;Creator;CreationTime;DestructionTime
PIPE1;4/5;SM;13:21:29;13:21:45
FIFO;8;SM;13:21:29;13:21:45
PIPE2;6/7;SM;13:21:29;13:21:45
SH2;4c010e1d;SM;13:21:29;13:21:45
MQS;41010e1d;SM;13:21:29;13:21:45
SEMAPHORE;49009;SM;13:21:29;13:21:45
PIPE3;4/5;RM;13:21:29;13:21:54
PIPE4;6/7;RM;13:21:29;13:21:54
FIFO;;SM;13:21:29;
SH;48241;SM;13:21:29;13:21:54
MQ;49001;SM;13:21:29;13:21:54
MQR;44010e1d;RM;13:21:29;13:21:54
IPC;IDKey;Creator;CreationTime;DestructionTime
PIPE1;4/5;SM;13:22:4;13:22:20
PIPE2;6/7;SM;13:22:4;13:22:20
FIFO;8;SM;13:22:4;13:22:20
SH2;4c010e1d;SM;13:22:4;13:22:20
MQS;41010e1d;SM;13:22:4;13:22:20
SEMAPHORE;49009;SM;13:22:4;13:22:20
PIPE3;4/5;RM;13:22:4;13:22:29
PIPE4;6/7;RM;13:22:4;13:22:29
FIFO;;SM;13:22:4;
SH;48241;SM;13:22:4;13:22:29
MQ;49001;SM;13:22:4;13:22:29
MQR;44010e1d;RM;13:22:4;13:22:29
IPC;IDKey;Creator;CreationTime;DestructionTime
PIPE1;4/5;SM;10:33:30;10:33:46
PIPE2;6/7;SM;10:33:30;10:33:46
FIFO;8;SM;10:33:30;10:33:46
SH2;4c010e1d;SM;10:33:30;10:33:46
MQS;41010e1d;SM;10:33:30;10:33:46
SEMAPHORE;49009;SM;10:33:30;10:33:46
PIPE3;4/5;RM;10:33:30;10:33:55
PIPE4;6/7;RM;10:33:30;10:33:55
FIFO;;SM;10:33:30;
SH;48241;SM;10:33:30;10:33:55
MQ;49001;SM;10:33:30;10:33:55
MQR;44010e1d;RM;10:33:30;10:33:55
IPC;IDKey;Creator;CreationTime;DestructionTime
PIPE1;4/5;SM;10:35:59;10:36:15
PIPE2;6/7;SM;10:35:59;10:36:15
FIFO;8;SM;10:35:59;10:36:15
SH2;4c010e1d;SM;10:35:59;10:36:15
MQS;41010e1d;SM;10:35:59;10:36:15
SEMAPHORE;49009;SM;10:35:59;10:36:15
PIPE3;4/5;RM;10:35:59;10:36:24
PIPE4;6/7;RM;10:35:59;10:36:24
FIFO;;SM;10:35:59;
SH;48241;SM;10:35:59;10:36:24
MQ;49001;SM;10:35:59;10:36:24
MQR;44010e1d;RM;10:35:59;10:36:24
IPC;IDKey;Creator;CreationTime;DestructionTime
PIPE1;4/5;SM;10:36:59;10:37:15
PIPE2;6/7;SM;10:36:59;10:37:15
FIFO;8;SM;10:36:59;10:37:15
SH2;4c010e1d;SM;10:36:59;10:37:15
MQS;41010e1d;SM;10:36:59;10:37:15
SEMAPHORE;49009;SM;10:36:59;10:37:15
PIPE3;4/5;RM;10:36:59;10:37:24
PIPE4;6/7;RM;10:36:59;10:37:24
FIFO;;SM;10:36:59;
SH;48241;SM;10:36:59;10:37:24
MQ;49001;SM;10:36:59;10:37:24
MQR;44010e1d;RM;10:36:59;10:37:24
IPC;IDKey;Creator;CreationTime;DestructionTime
PIPE1;4/5;SM;10:39:17;10:39:33
PIPE2;6/7;SM;10:39:17;10:39:33
FIFO;8;SM;10:39:17;10:39:33
SH2;4c010e1d;SM;10:39:17;10:39:33
MQS;41010e1d;SM;10:39:17;10:39:33
SEMAPHORE;49009;SM;10:39:17;10:39:33
PIPE3;4/5;RM;10:39:17;10:39:42
PIPE4;6/7;RM;10:39:17;10:39:42
FIFO;;SM;10:39:17;
SH;48241;SM;10:39:17;10:39:42
MQ;49001;SM;10:39:17;10:39:42
MQR;44010e1d;RM;10:39:17;10:39:42
IPC;IDKey;Creator;CreationTime;DestructionTime
PIPE1;4/5;SM;10:40:59;10:41:15
PIPE2;6/7;SM;10:40:59;10:41:15
FIFO;8;SM;10:40:59;10:41:15
SH2;4c010e1d;SM;10:40:59;10:41:15
MQS;41010e1d;SM;10:40:59;10:41:15
SEMAPHORE;49009;SM;10:40:59;10:41:15
PIPE3;4/5;RM;10:40:59;10:41:24
PIPE4;6/7;RM;10:40:59;10:41:24
FIFO;;SM;10:40:59;
SH;48241;SM;10:40:59;10:41:24
MQ;49001;SM;10:40:59;10:41:24
MQR;44010e1d;RM;10:40:59;10:41:24
IPC;IDKey;Creator;CreationTime;DestructionTime
PIPE1;4/5;SM;10:41:42;10:41:58
PIPE2;6/7;SM;10:41:42;10:41:58
FIFO;8;SM;10:41:42;10:41:58
SH2;4c010e1d;SM;10:41:42;10:41:58
MQS;41010e1d;SM;10:41:42;10:41:58
SEMAPHORE;49009;SM;10:41:42;10:41:58
PIPE3;4/5;RM;10:41:42;10:42:7
PIPE4;6/7;RM;10:41:42;10:42:7
FIFO;;SM;10:41:42;
SH;48241;SM;10:41:42;10:42:7
MQ;49001;SM;10:41:42;10:42:7
MQR;44010e1d;RM;10:41:42;10:42:7
IPC;IDKey;Creator;CreationTime;DestructionTime
PIPE1;4/5;SM;10:51:43;10:51:59
PIPE2;6/7;SM;10:51:43;10:51:59
FIFO;8;SM;10:51:43;10:51:59
SH2;4c010e1d;SM;10:51:43;10:51:59
MQS;41010e1d;SM;10:51:43;10:51:59
SEMAPHORE;49009;SM;10:51:43;10:51:59
PIPE3;4/5;RM;10:51:43;10:52:8
PIPE4;6/7;RM;10:51:43;10:52:8
FIFO;;SM;10:51:43;
SH;48241;SM;10:51:43;10:52:8
MQ;49001;SM;10:51:43;10:52:8
MQR;44010e1d;RM;10:51:43;10:52:8
IPC;IDKey;Creator;CreationTime;DestructionTime
PIPE1;4/5;SM;10:53:46;10:54:2
PIPE2;6/7;SM;10:53:46;10:54:2
FIFO;8;SM;10:53:46;10:54:2
SH2;4c010e1d;SM;10:53:46;10:54:2
MQS;41010e1d;SM;10:53:46;10:54:2
SEMAPHORE;49009;SM;10:53:46;10:54:2
PIPE3;4/5;RM;10:53:46;10:54:11
PIPE4;6/7;RM;10:53:46;10:54:11
FIFO;;SM;10:53:46;
SH;48241;SM;10:53:46;10:54:11
MQ;49001;SM;10:53:46;10:54:11
MQR;44010e1d;RM;10:53:46;10:54:11
IPC;IDKey;Creator;CreationTime;DestructionTime
PIPE1;4/5;SM;11:10:45;11:11:1
PIPE2;6/7;SM;11:10:45;11:11:1
FIFO;8;SM;11:10:45;11:11:1
SH2;4c010e1d;SM;11:10:45;11:11:1
MQS;41010e1d;SM;11:10:45;11:11:1
SEMAPHORE;49009;SM;11:10:45;11:11:1
PIPE3;4/5;RM;11:10:45;11:11:10
PIPE4;6/7;RM;11:10:45;11:11:10
FIFO;;SM;11:10:45;
SH;48241;SM;11:10:45;11:11:10
MQ;49001;SM;11:10:45;11:11:10
MQR;44010e1d;RM;11:10:45;11:11:10
IPC;IDKey;Creator;CreationTime;DestructionTime
PIPE1;4/5;SM;11:11:16;11:11:32
PIPE2;6/7;SM;11:11:16;11:11:32
FIFO;8;SM;11:11:16;11:11:32
SH2;4c010e1d;SM;11:11:16;11:11:32
MQS;41010e1d;SM;11:11:16;11:11:32
SEMAPHORE;49009;SM;11:11:16;11:11:32
PIPE3;4/5;RM;11:11:16;11:11:41
PIPE4;6/7;RM;11:11:16;11:11:41
FIFO;;SM;11:11:16;
SH;48241;SM;11:11:16;11:11:41
MQ;49001;SM;11:11:16;11:11:41
MQR;44010e1d;RM;11:11:16;11:11:41
IPC;IDKey;Creator;CreationTime;DestructionTime
PIPE1;4/5;SM;11:12:3;11:12:19
FIFO;8;SM;11:12:3;11:12:19
PIPE2;6/7;SM;11:12:3;11:12:19
SH2;4c010e1d;SM;11:12:3;11:12:19
MQS;41010e1d;SM;11:12:3;11:12:19
SEMAPHORE;49009;SM;11:12:3;11:12:19
PIPE3;4/5;RM;11:12:3;11:12:28
PIPE4;6/7;RM;11:12:3;11:12:28
FIFO;;SM;11:12:3;
SH;48241;SM;11:12:3;11:12:28
MQ;49001;SM;11:12:3;11:12:28
MQR;44010e1d;RM;11:12:3;11:12:28
IPC;IDKey;Creator;CreationTime;DestructionTime
PIPE1;4/5;SM;12:8:15;12:8:31
FIFO;8;SM;12:8:15;12:8:31
PIPE2;6/7;SM;12:8:15;12:8:31
SH2;4c010e1d;SM;12:8:15;12:8:31
MQS;41010e1d;SM;12:8:15;12:8:31
SEMAPHORE;49009;SM;12:8:15;12:8:31
PIPE3;4/5;RM;12:8:15;12:8:40
PIPE4;6/7;RM;12:8:15;12:8:40
FIFO;;SM;12:8:15;
SH;48241;SM;12:8:15;12:8:40
MQ;49001;SM;12:8:15;12:8:40
MQR;44010e1d;RM;12:8:15;12:8:40
IPC;IDKey;Creator;CreationTime;DestructionTime
PIPE1;4/5;SM;12:12:13;12:12:29
FIFO;8;SM;12:12:13;12:12:29
PIPE2;6/7;SM;12:12:13;12:12:29
SH2;4c010e1d;SM;12:12:13;12:12:29
MQS;41010e1d;SM;12:12:13;12:12:29
SEMAPHORE;49009;SM;12:12:13;12:12:29
PIPE3;4/5;RM;12:12:13;12:12:38
PIPE4;6/7;RM;12:12:13;12:12:38
FIFO;;SM;12:12:13;
SH;48241;SM;12:12:13;12:12:38
MQ;49001;SM;12:12:13;12:12:38
MQR;44010e1d;RM;12:12:13;12:12:38
IPC;IDKey;Creator;CreationTime;DestructionTime
PIPE1;4/5;SM;12:12:52;12:13:9
PIPE2;6/7;SM;12:12:52;12:13:9
FIFO;8;SM;12:12:52;12:13:9
SH2;4c010e1d;SM;12:12:52;12:13:9
MQS;41010e1d;SM;12:12:52;12:13:9
SEMAPHORE;49009;SM;12:12:52;12:13:9
PIPE3;4/5;RM;12:12:52;12:13:18
PIPE4;6/7;RM;12:12:52;12:13:18
FIFO;;SM;12:12:52;
SH;48241;SM;12:12:52;12:13:18
MQ;49001;SM;12:12:52;12:13:18
MQR;44010e1d;RM;12:12:52;12:13:18
IPC;IDKey;Creator;CreationTime;DestructionTime
PIPE1;4/5;SM;12:16:20;12:16:37
PIPE2;6/7;SM;12:16:20;12:16:37
SH2;4c010e1d;SM;12:16:20;12:16:37
MQS;41010e1d;SM;12:16:20;12:16:37
SEMAPHORE;49009;SM;12:16:20;12:16:37
FIFO;8;SM;12:16:20;12:16:37
PIPE3;4/5;RM;12:16:20;12:16:46
PIPE4;6/7;RM;12:16:20;12:16:46
FIFO;;SM;12:16:20;
SH;48241;SM;12:16:20;12:16:46
MQ;49001;SM;12:16:20;12:16:46
MQR;44010e1d;RM;12:16:20;12:16:46
IPC;IDKey;Creator;CreationTime;DestructionTime
PIPE1;4/5;SM;12:16:49;12:17:6
PIPE2;6/7;SM;12:16:49;12:17:6
FIFO;8;SM;12:16:49;12:17:6
SH2;4c010e1d;SM;12:16:49;12:17:6
MQS;41010e1d;SM;12:16:49;12:17:6
SEMAPHORE;49009;SM;12:16:49;12:17:6
PIPE3;4/5;RM;12:16:49;12:17:15
PIPE4;6/7;RM;12:16:49;12:17:15
FIFO;;SM;12:16:49;
SH;48241;SM;12:16:49;12:17:15
MQ;49001;SM;12:16:49;12:17:15
MQR;44010e1d;RM;12:16:49;12:17:15
IPC;IDKey;Creator;CreationTime;DestructionTime
PIPE1;4/5;SM;12:18:18;12:18:35
FIFO;8;SM;12:18:18;12:18:35
PIPE2;6/7;SM;12:18:18;12:18:35
SH2;4c010e1d;SM;12:18:18;12:18:35
MQS;41010e1d;SM;12:18:18;12:18:35
SEMAPHORE;49009;SM;12:18:18;12:18:35
PIPE3;4/5;RM;12:18:18;12:18:44
PIPE4;6/7;RM;12:18:18;12:18:44
FIFO;;SM;12:18:18;
SH;48241;SM;12:18:18;12:18:44
MQ;49001;SM;12:18:18;12:18:44
MQR;44010e1d;RM;12:18:18;12:18:44
IPC;IDKey;Creator;CreationTime;DestructionTime
PIPE1;4/5;SM;12:21:0;12:21:19
PIPE2;6/7;SM;12:21:0;12:21:19
FIFO;8;SM;12:21:0;12:21:19
SH2;4c010e1d;SM;12:21:0;12:21:19
MQS;41010e1d;SM;12:21:0;12:21:19
SEMAPHORE;49009;SM;12:21:0;12:21:19
PIPE3;4/5;RM;12:21:0;12:21:28
PIPE4;6/7;RM;12:21:0;12:21:28
FIFO;;SM;12:21:0;
SH;48241;SM;12:21:0;12:21:28
MQ;49001;SM;12:21:0;12:21:28
MQR;44010e1d;RM;12:21:0;12:21:28
IPC;IDKey;Creator;CreationTime;DestructionTime
PIPE1;4/5;SM;12:22:4;12:22:23
PIPE2;6/7;SM;12:22:4;12:22:23
FIFO;8;SM;12:22:4;12:22:23
SH2;4c010e1d;SM;12:22:4;12:22:23
MQS;41010e1d;SM;12:22:4;12:22:23
SEMAPHORE;49009;SM;12:22:4;12:22:23
PIPE3;4/5;RM;12:22:4;12:22:32
PIPE4;6/7;RM;12:22:4;12:22:32
FIFO;;SM;12:22:4;
SH;48241;SM;12:22:4;12:22:32
MQ;49001;SM;12:22:4;12:22:32
MQR;44010e1d;RM;12:22:4;12:22:32
IPC;IDKey;Creator;CreationTime;DestructionTime
PIPE1;4/5;SM;12:24:8;12:24:27
PIPE2;6/7;SM;12:24:8;12:24:27
FIFO;8;SM;12:24:8;12:24:27
SH2;4c010e1d;SM;12:24:8;12:24:27
MQS;41010e1d;SM;12:24:8;12:24:27
SEMAPHORE;49009;SM;12:24:8;12:24:27
PIPE3;4/5;RM;12:24:8;12:24:36
PIPE4;6/7;RM;12:24:8;12:24:36
FIFO;;SM;12:24:8;
SH;48241;SM;12:24:8;12:24:36
MQ;49001;SM;12:24:8;12:24:36
MQR;44010e1d;RM;12:24:8;12:24:36
IPC;IDKey;Creator;CreationTime;DestructionTime
PIPE1;4/5;SM;12:29:32;12:29:51
PIPE2;6/7;SM;12:29:32;12:29:51
FIFO;8;SM;12:29:32;12:29:51
SH2;4c010e1d;SM;12:29:32;12:29:51
MQS;41010e1d;SM;12:29:32;12:29:51
SEMAPHORE;49009;SM;12:29:32;12:29:51
PIPE3;4/5;RM;12:29:32;12:30:0
PIPE4;6/7;RM;12:29:32;12:30:0
FIFO;;SM;12:29:32;
SH;48241;SM;12:29:32;12:30:0
MQ;49001;SM;12:29:32;12:30:0
MQR;44010e1d;RM;12:29:32;12:30:0
IPC;IDKey;Creator;CreationTime;DestructionTime
PIPE1;4/5;SM;12:32:40;12:33:1
FIFO;8;SM;12:32:40;12:33:1
PIPE2;6/7;SM;12:32:40;12:33:1
SH2;4c010e1d;SM;12:32:40;12:33:1
MQS;41010e1d;SM;12:32:40;12:33:1
SEMAPHORE;49009;SM;12:32:40;12:33:1
PIPE3;4/5;RM;12:32:40;12:33:10
PIPE4;6/7;RM;12:32:40;12:33:10
FIFO;;SM;12:32:40;
SH;48241;SM;12:32:40;12:33:10
MQ;49001;SM;12:32:40;12:33:10
MQR;44010e1d;RM;12:32:40;12:33:10
IPC;IDKey;Creator;CreationTime;DestructionTime
PIPE1;4/5;SM;12:48:52;12:49:13
PIPE2;6/7;SM;12:48:52;12:49:13
FIFO;8;SM;12:48:52;12:49:13
SH2;4c010e1d;SM;12:48:52;12:49:13
MQS;41010e1d;SM;12:48:52;12:49:13
SEMAPHORE;49009;SM;12:48:52;12:49:13
PIPE3;4/5;RM;12:48:52;12:49:22
PIPE4;6/7;RM;12:48:52;12:49:22
FIFO;;SM;12:48:52;
SH;48241;SM;12:48:52;12:49:22
MQ;49001;SM;12:48:52;12:49:22
MQR;44010e1d;RM;12:48:52;12:49:22
IPC;IDKey;Creator;CreationTime;DestructionTime
PIPE1;4/5;SM;12:52:35;12:52:56
FIFO;8;SM;12:52:35;12:52:56
PIPE2;6/7;SM;12:52:35;12:52:56
SH2;4c010e1d;SM;12:52:35;12:52:56
MQS;41010e1d;SM;12:52:35;12:52:56
SEMAPHORE;49009;SM;12:52:35;12:52:56
PIPE3;4/5;RM;12:52:35;12:53:5
PIPE4;6/7;RM;12:52:35;12:53:5
FIFO;;SM;12:52:35;
SH;48241;SM;12:52:35;12:53:5
MQ;49001;SM;12:52:35;12:53:5
MQR;44010e1d;RM;12:52:35;12:53:5
IPC;IDKey;Creator;CreationTime;DestructionTime
PIPE1;4/5;SM;13:3:7;13:4:8
PIPE2;6/7;SM;13:3:7;13:4:8
SH2;4c010e1d;SM;13:3:7;13:4:8
FIFO;8;SM;13:3:7;13:4:8
MQS;41010e1d;SM;13:3:7;13:4:8
SEMAPHORE;49009;SM;13:3:7;13:4:8
